{"ContentRoots":["D:\\ArunSpace\\RAMS\\RAMS\\wwwroot\\","D:\\ArunSpace\\RAMS\\RAMS\\obj\\Release\\net8.0\\scopedcss\\bundle\\"],"Root":{"Children":{"assets":{"Children":{"css":{"Children":{"jquery-confirm.css":{"Children":null,"Asset":{"ContentRootIndex":0,"SubPath":"assets/css/jquery-confirm.css"},"Patterns":null},"jquery-ui.css":{"Children":null,"Asset":{"ContentRootIndex":0,"SubPath":"assets/css/jquery-ui.css"},"Patterns":null},"plugins.bundle.css":{"Children":null,"Asset":{"ContentRootIndex":0,"SubPath":"assets/css/plugins.bundle.css"},"Patterns":null},"style.bundle.css":{"Children":null,"Asset":{"ContentRootIndex":0,"SubPath":"assets/css/style.bundle.css"},"Patterns":null}},"Asset":null,"Patterns":null},"js":{"Children":{"custom":{"Children":{"addarea.js":{"Children":null,"Asset":{"ContentRootIndex":0,"SubPath":"assets/js/custom/addarea.js"},"Patterns":null},"addbrandingtype.js":{"Children":null,"Asset":{"ContentRootIndex":0,"SubPath":"assets/js/custom/addbrandingtype.js"},"Patterns":null},"addcity.js":{"Children":null,"Asset":{"ContentRootIndex":0,"SubPath":"assets/js/custom/addcity.js"},"Patterns":null},"addcountry.js":{"Children":null,"Asset":{"ContentRootIndex":0,"SubPath":"assets/js/custom/addcountry.js"},"Patterns":null},"adddepartment.js":{"Children":null,"Asset":{"ContentRootIndex":0,"SubPath":"assets/js/custom/adddepartment.js"},"Patterns":null},"adddesignation.js":{"Children":null,"Asset":{"ContentRootIndex":0,"SubPath":"assets/js/custom/adddesignation.js"},"Patterns":null},"adddocumenttype.js":{"Children":null,"Asset":{"ContentRootIndex":0,"SubPath":"assets/js/custom/adddocumenttype.js"},"Patterns":null},"addregion.js":{"Children":null,"Asset":{"ContentRootIndex":0,"SubPath":"assets/js/custom/addregion.js"},"Patterns":null},"addrole.js":{"Children":null,"Asset":{"ContentRootIndex":0,"SubPath":"assets/js/custom/addrole.js"},"Patterns":null},"addstate.js":{"Children":null,"Asset":{"ContentRootIndex":0,"SubPath":"assets/js/custom/addstate.js"},"Patterns":null},"adduser.js":{"Children":null,"Asset":{"ContentRootIndex":0,"SubPath":"assets/js/custom/adduser.js"},"Patterns":null},"addvendor.js":{"Children":null,"Asset":{"ContentRootIndex":0,"SubPath":"assets/js/custom/addvendor.js"},"Patterns":null},"arealist.js":{"Children":null,"Asset":{"ContentRootIndex":0,"SubPath":"assets/js/custom/arealist.js"},"Patterns":null},"brandingtypelist.js":{"Children":null,"Asset":{"ContentRootIndex":0,"SubPath":"assets/js/custom/brandingtypelist.js"},"Patterns":null},"citylist.js":{"Children":null,"Asset":{"ContentRootIndex":0,"SubPath":"assets/js/custom/citylist.js"},"Patterns":null},"common.js":{"Children":null,"Asset":{"ContentRootIndex":0,"SubPath":"assets/js/custom/common.js"},"Patterns":null},"countrylist.js":{"Children":null,"Asset":{"ContentRootIndex":0,"SubPath":"assets/js/custom/countrylist.js"},"Patterns":null},"departmentlist.js":{"Children":null,"Asset":{"ContentRootIndex":0,"SubPath":"assets/js/custom/departmentlist.js"},"Patterns":null},"designationlist.js":{"Children":null,"Asset":{"ContentRootIndex":0,"SubPath":"assets/js/custom/designationlist.js"},"Patterns":null},"dms.js":{"Children":null,"Asset":{"ContentRootIndex":0,"SubPath":"assets/js/custom/dms.js"},"Patterns":null},"documenttypelist.js":{"Children":null,"Asset":{"ContentRootIndex":0,"SubPath":"assets/js/custom/documenttypelist.js"},"Patterns":null},"enrollmentstatus.js":{"Children":null,"Asset":{"ContentRootIndex":0,"SubPath":"assets/js/custom/enrollmentstatus.js"},"Patterns":null},"landing.js":{"Children":null,"Asset":{"ContentRootIndex":0,"SubPath":"assets/js/custom/landing.js"},"Patterns":null},"login.js":{"Children":null,"Asset":{"ContentRootIndex":0,"SubPath":"assets/js/custom/login.js"},"Patterns":null},"regionlist.js":{"Children":null,"Asset":{"ContentRootIndex":0,"SubPath":"assets/js/custom/regionlist.js"},"Patterns":null},"rolelist.js":{"Children":null,"Asset":{"ContentRootIndex":0,"SubPath":"assets/js/custom/rolelist.js"},"Patterns":null},"statelist.js":{"Children":null,"Asset":{"ContentRootIndex":0,"SubPath":"assets/js/custom/statelist.js"},"Patterns":null},"userlist.js":{"Children":null,"Asset":{"ContentRootIndex":0,"SubPath":"assets/js/custom/userlist.js"},"Patterns":null},"vendorlist.js":{"Children":null,"Asset":{"ContentRootIndex":0,"SubPath":"assets/js/custom/vendorlist.js"},"Patterns":null},"widgets.js":{"Children":null,"Asset":{"ContentRootIndex":0,"SubPath":"assets/js/custom/widgets.js"},"Patterns":null}},"Asset":null,"Patterns":null},"plugins.bundle.js":{"Children":null,"Asset":{"ContentRootIndex":0,"SubPath":"assets/js/plugins.bundle.js"},"Patterns":null},"scripts.bundle.js":{"Children":null,"Asset":{"ContentRootIndex":0,"SubPath":"assets/js/scripts.bundle.js"},"Patterns":null},"widgets.bundle.js":{"Children":null,"Asset":{"ContentRootIndex":0,"SubPath":"assets/js/widgets.bundle.js"},"Patterns":null}},"Asset":null,"Patterns":null},"media":{"Children":{"bg4.jpg":{"Children":null,"Asset":{"ContentRootIndex":0,"SubPath":"assets/media/bg4.jpg"},"Patterns":null},"Spinner-5.gif":{"Children":null,"Asset":{"ContentRootIndex":0,"SubPath":"assets/media/Spinner-5.gif"},"Patterns":null}},"Asset":null,"Patterns":null},"thrivera.jpeg":{"Children":null,"Asset":{"ContentRootIndex":0,"SubPath":"assets/thrivera.jpeg"},"Patterns":null}},"Asset":null,"Patterns":null},"Attachments":{"Children":{"VENDORATTACHMENTS":{"Children":{"VENDORATTACHMENTS_30c2da6f-8916-44d1-9bdf-6eddc6e9e80e.jpeg":{"Children":null,"Asset":{"ContentRootIndex":0,"SubPath":"Attachments/VENDORATTACHMENTS/VENDORATTACHMENTS_30c2da6f-8916-44d1-9bdf-6eddc6e9e80e.jpeg"},"Patterns":null},"VENDORATTACHMENTS_31e79376-2a4e-4006-8ea2-a30b797f5e79.jpeg":{"Children":null,"Asset":{"ContentRootIndex":0,"SubPath":"Attachments/VENDORATTACHMENTS/VENDORATTACHMENTS_31e79376-2a4e-4006-8ea2-a30b797f5e79.jpeg"},"Patterns":null},"VENDORATTACHMENTS_628a1bb6-e33e-42e2-9638-da178a2b6564.css":{"Children":null,"Asset":{"ContentRootIndex":0,"SubPath":"Attachments/VENDORATTACHMENTS/VENDORATTACHMENTS_628a1bb6-e33e-42e2-9638-da178a2b6564.css"},"Patterns":null},"VENDORATTACHMENTS_80ead2dc-c106-432c-a643-17bb9dc06a69.jpeg":{"Children":null,"Asset":{"ContentRootIndex":0,"SubPath":"Attachments/VENDORATTACHMENTS/VENDORATTACHMENTS_80ead2dc-c106-432c-a643-17bb9dc06a69.jpeg"},"Patterns":null},"VENDORATTACHMENTS_ad87bc49-2298-46cc-8bc0-06a8c19cd314.jpeg":{"Children":null,"Asset":{"ContentRootIndex":0,"SubPath":"Attachments/VENDORATTACHMENTS/VENDORATTACHMENTS_ad87bc49-2298-46cc-8bc0-06a8c19cd314.jpeg"},"Patterns":null},"VENDORATTACHMENTS_b07fa673-afa8-4217-91dc-5a3861ba5f90.txt":{"Children":null,"Asset":{"ContentRootIndex":0,"SubPath":"Attachments/VENDORATTACHMENTS/VENDORATTACHMENTS_b07fa673-afa8-4217-91dc-5a3861ba5f90.txt"},"Patterns":null},"VENDORATTACHMENTS_cc76bd16-d9e7-45ea-ad0d-582abda78e72.txt":{"Children":null,"Asset":{"ContentRootIndex":0,"SubPath":"Attachments/VENDORATTACHMENTS/VENDORATTACHMENTS_cc76bd16-d9e7-45ea-ad0d-582abda78e72.txt"},"Patterns":null}},"Asset":null,"Patterns":null}},"Asset":null,"Patterns":null},"favicon.ico":{"Children":null,"Asset":{"ContentRootIndex":0,"SubPath":"favicon.ico"},"Patterns":null},"fonts":{"Children":{"fa-solid-900.ttf":{"Children":null,"Asset":{"ContentRootIndex":0,"SubPath":"fonts/fa-solid-900.ttf"},"Patterns":null},"fa-solid-900.woff2":{"Children":null,"Asset":{"ContentRootIndex":0,"SubPath":"fonts/fa-solid-900.woff2"},"Patterns":null},"la-brands-400.ttf":{"Children":null,"Asset":{"ContentRootIndex":0,"SubPath":"fonts/la-brands-400.ttf"},"Patterns":null},"la-brands-400.woff2":{"Children":null,"Asset":{"ContentRootIndex":0,"SubPath":"fonts/la-brands-400.woff2"},"Patterns":null},"la-regular-400.ttf":{"Children":null,"Asset":{"ContentRootIndex":0,"SubPath":"fonts/la-regular-400.ttf"},"Patterns":null},"la-regular-400.woff2":{"Children":null,"Asset":{"ContentRootIndex":0,"SubPath":"fonts/la-regular-400.woff2"},"Patterns":null},"la-solid-900.ttf":{"Children":null,"Asset":{"ContentRootIndex":0,"SubPath":"fonts/la-solid-900.ttf"},"Patterns":null},"la-solid-900.woff2":{"Children":null,"Asset":{"ContentRootIndex":0,"SubPath":"fonts/la-solid-900.woff2"},"Patterns":null}},"Asset":null,"Patterns":null},"js":{"Children":{"tostvalidation.js":{"Children":null,"Asset":{"ContentRootIndex":0,"SubPath":"js/tostvalidation.js"},"Patterns":null},"WebCam.js":{"Children":null,"Asset":{"ContentRootIndex":0,"SubPath":"js/WebCam.js"},"Patterns":null}},"Asset":null,"Patterns":null},"layout":{"Children":{"all.min.css":{"Children":null,"Asset":{"ContentRootIndex":0,"SubPath":"layout/all.min.css"},"Patterns":null},"app.css":{"Children":null,"Asset":{"ContentRootIndex":0,"SubPath":"layout/app.css"},"Patterns":null},"app.js":{"Children":null,"Asset":{"ContentRootIndex":0,"SubPath":"layout/app.js"},"Patterns":null},"bootstrap-toggle.min.css":{"Children":null,"Asset":{"ContentRootIndex":0,"SubPath":"layout/bootstrap-toggle.min.css"},"Patterns":null},"bootstrap-toggle.min.js":{"Children":null,"Asset":{"ContentRootIndex":0,"SubPath":"layout/bootstrap-toggle.min.js"},"Patterns":null},"bootstrap.bundle.min.js":{"Children":null,"Asset":{"ContentRootIndex":0,"SubPath":"layout/bootstrap.bundle.min.js"},"Patterns":null},"bootstrap.min.css":{"Children":null,"Asset":{"ContentRootIndex":0,"SubPath":"layout/bootstrap.min.css"},"Patterns":null},"iziToast.min.css":{"Children":null,"Asset":{"ContentRootIndex":0,"SubPath":"layout/iziToast.min.css"},"Patterns":null},"iziToast.min.js":{"Children":null,"Asset":{"ContentRootIndex":0,"SubPath":"layout/iziToast.min.js"},"Patterns":null},"jquery-confirm.css":{"Children":null,"Asset":{"ContentRootIndex":0,"SubPath":"layout/jquery-confirm.css"},"Patterns":null},"jquery-confirm.js":{"Children":null,"Asset":{"ContentRootIndex":0,"SubPath":"layout/jquery-confirm.js"},"Patterns":null},"jquery-ui.css":{"Children":null,"Asset":{"ContentRootIndex":0,"SubPath":"layout/jquery-ui.css"},"Patterns":null},"jquery-ui.js":{"Children":null,"Asset":{"ContentRootIndex":0,"SubPath":"layout/jquery-ui.js"},"Patterns":null},"jquery.slimscroll.min.js":{"Children":null,"Asset":{"ContentRootIndex":0,"SubPath":"layout/jquery.slimscroll.min.js"},"Patterns":null},"line-awesome.min.css":{"Children":null,"Asset":{"ContentRootIndex":0,"SubPath":"layout/line-awesome.min.css"},"Patterns":null},"nicEdit.js":{"Children":null,"Asset":{"ContentRootIndex":0,"SubPath":"layout/nicEdit.js"},"Patterns":null},"select2.min.css":{"Children":null,"Asset":{"ContentRootIndex":0,"SubPath":"layout/select2.min.css"},"Patterns":null},"select2.min.js":{"Children":null,"Asset":{"ContentRootIndex":0,"SubPath":"layout/select2.min.js"},"Patterns":null},"sweetalert2.min.css":{"Children":null,"Asset":{"ContentRootIndex":0,"SubPath":"layout/sweetalert2.min.css"},"Patterns":null},"sweetalert2.min.js":{"Children":null,"Asset":{"ContentRootIndex":0,"SubPath":"layout/sweetalert2.min.js"},"Patterns":null},"toastr.min.css":{"Children":null,"Asset":{"ContentRootIndex":0,"SubPath":"layout/toastr.min.css"},"Patterns":null},"toastr.min.js":{"Children":null,"Asset":{"ContentRootIndex":0,"SubPath":"layout/toastr.min.js"},"Patterns":null}},"Asset":null,"Patterns":null},"lib":{"Children":{"bootstrap":{"Children":{"dist":{"Children":{"css":{"Children":{"bootstrap-grid.css":{"Children":null,"Asset":{"ContentRootIndex":0,"SubPath":"lib/bootstrap/dist/css/bootstrap-grid.css"},"Patterns":null},"bootstrap-grid.css.map":{"Children":null,"Asset":{"ContentRootIndex":0,"SubPath":"lib/bootstrap/dist/css/bootstrap-grid.css.map"},"Patterns":null},"bootstrap-grid.min.css":{"Children":null,"Asset":{"ContentRootIndex":0,"SubPath":"lib/bootstrap/dist/css/bootstrap-grid.min.css"},"Patterns":null},"bootstrap-grid.min.css.map":{"Children":null,"Asset":{"ContentRootIndex":0,"SubPath":"lib/bootstrap/dist/css/bootstrap-grid.min.css.map"},"Patterns":null},"bootstrap-grid.rtl.css":{"Children":null,"Asset":{"ContentRootIndex":0,"SubPath":"lib/bootstrap/dist/css/bootstrap-grid.rtl.css"},"Patterns":null},"bootstrap-grid.rtl.css.map":{"Children":null,"Asset":{"ContentRootIndex":0,"SubPath":"lib/bootstrap/dist/css/bootstrap-grid.rtl.css.map"},"Patterns":null},"bootstrap-grid.rtl.min.css":{"Children":null,"Asset":{"ContentRootIndex":0,"SubPath":"lib/bootstrap/dist/css/bootstrap-grid.rtl.min.css"},"Patterns":null},"bootstrap-grid.rtl.min.css.map":{"Children":null,"Asset":{"ContentRootIndex":0,"SubPath":"lib/bootstrap/dist/css/bootstrap-grid.rtl.min.css.map"},"Patterns":null},"bootstrap-reboot.css":{"Children":null,"Asset":{"ContentRootIndex":0,"SubPath":"lib/bootstrap/dist/css/bootstrap-reboot.css"},"Patterns":null},"bootstrap-reboot.css.map":{"Children":null,"Asset":{"ContentRootIndex":0,"SubPath":"lib/bootstrap/dist/css/bootstrap-reboot.css.map"},"Patterns":null},"bootstrap-reboot.min.css":{"Children":null,"Asset":{"ContentRootIndex":0,"SubPath":"lib/bootstrap/dist/css/bootstrap-reboot.min.css"},"Patterns":null},"bootstrap-reboot.min.css.map":{"Children":null,"Asset":{"ContentRootIndex":0,"SubPath":"lib/bootstrap/dist/css/bootstrap-reboot.min.css.map"},"Patterns":null},"bootstrap-reboot.rtl.css":{"Children":null,"Asset":{"ContentRootIndex":0,"SubPath":"lib/bootstrap/dist/css/bootstrap-reboot.rtl.css"},"Patterns":null},"bootstrap-reboot.rtl.css.map":{"Children":null,"Asset":{"ContentRootIndex":0,"SubPath":"lib/bootstrap/dist/css/bootstrap-reboot.rtl.css.map"},"Patterns":null},"bootstrap-reboot.rtl.min.css":{"Children":null,"Asset":{"ContentRootIndex":0,"SubPath":"lib/bootstrap/dist/css/bootstrap-reboot.rtl.min.css"},"Patterns":null},"bootstrap-reboot.rtl.min.css.map":{"Children":null,"Asset":{"ContentRootIndex":0,"SubPath":"lib/bootstrap/dist/css/bootstrap-reboot.rtl.min.css.map"},"Patterns":null},"bootstrap-utilities.css":{"Children":null,"Asset":{"ContentRootIndex":0,"SubPath":"lib/bootstrap/dist/css/bootstrap-utilities.css"},"Patterns":null},"bootstrap-utilities.css.map":{"Children":null,"Asset":{"ContentRootIndex":0,"SubPath":"lib/bootstrap/dist/css/bootstrap-utilities.css.map"},"Patterns":null},"bootstrap-utilities.min.css":{"Children":null,"Asset":{"ContentRootIndex":0,"SubPath":"lib/bootstrap/dist/css/bootstrap-utilities.min.css"},"Patterns":null},"bootstrap-utilities.min.css.map":{"Children":null,"Asset":{"ContentRootIndex":0,"SubPath":"lib/bootstrap/dist/css/bootstrap-utilities.min.css.map"},"Patterns":null},"bootstrap-utilities.rtl.css":{"Children":null,"Asset":{"ContentRootIndex":0,"SubPath":"lib/bootstrap/dist/css/bootstrap-utilities.rtl.css"},"Patterns":null},"bootstrap-utilities.rtl.css.map":{"Children":null,"Asset":{"ContentRootIndex":0,"SubPath":"lib/bootstrap/dist/css/bootstrap-utilities.rtl.css.map"},"Patterns":null},"bootstrap-utilities.rtl.min.css":{"Children":null,"Asset":{"ContentRootIndex":0,"SubPath":"lib/bootstrap/dist/css/bootstrap-utilities.rtl.min.css"},"Patterns":null},"bootstrap-utilities.rtl.min.css.map":{"Children":null,"Asset":{"ContentRootIndex":0,"SubPath":"lib/bootstrap/dist/css/bootstrap-utilities.rtl.min.css.map"},"Patterns":null},"bootstrap.css":{"Children":null,"Asset":{"ContentRootIndex":0,"SubPath":"lib/bootstrap/dist/css/bootstrap.css"},"Patterns":null},"bootstrap.css.map":{"Children":null,"Asset":{"ContentRootIndex":0,"SubPath":"lib/bootstrap/dist/css/bootstrap.css.map"},"Patterns":null},"bootstrap.min.css":{"Children":null,"Asset":{"ContentRootIndex":0,"SubPath":"lib/bootstrap/dist/css/bootstrap.min.css"},"Patterns":null},"bootstrap.min.css.map":{"Children":null,"Asset":{"ContentRootIndex":0,"SubPath":"lib/bootstrap/dist/css/bootstrap.min.css.map"},"Patterns":null},"bootstrap.rtl.css":{"Children":null,"Asset":{"ContentRootIndex":0,"SubPath":"lib/bootstrap/dist/css/bootstrap.rtl.css"},"Patterns":null},"bootstrap.rtl.css.map":{"Children":null,"Asset":{"ContentRootIndex":0,"SubPath":"lib/bootstrap/dist/css/bootstrap.rtl.css.map"},"Patterns":null},"bootstrap.rtl.min.css":{"Children":null,"Asset":{"ContentRootIndex":0,"SubPath":"lib/bootstrap/dist/css/bootstrap.rtl.min.css"},"Patterns":null},"bootstrap.rtl.min.css.map":{"Children":null,"Asset":{"ContentRootIndex":0,"SubPath":"lib/bootstrap/dist/css/bootstrap.rtl.min.css.map"},"Patterns":null}},"Asset":null,"Patterns":null},"js":{"Children":{"bootstrap.bundle.js":{"Children":null,"Asset":{"ContentRootIndex":0,"SubPath":"lib/bootstrap/dist/js/bootstrap.bundle.js"},"Patterns":null},"bootstrap.bundle.js.map":{"Children":null,"Asset":{"ContentRootIndex":0,"SubPath":"lib/bootstrap/dist/js/bootstrap.bundle.js.map"},"Patterns":null},"bootstrap.bundle.min.js":{"Children":null,"Asset":{"ContentRootIndex":0,"SubPath":"lib/bootstrap/dist/js/bootstrap.bundle.min.js"},"Patterns":null},"bootstrap.bundle.min.js.map":{"Children":null,"Asset":{"ContentRootIndex":0,"SubPath":"lib/bootstrap/dist/js/bootstrap.bundle.min.js.map"},"Patterns":null},"bootstrap.esm.js":{"Children":null,"Asset":{"ContentRootIndex":0,"SubPath":"lib/bootstrap/dist/js/bootstrap.esm.js"},"Patterns":null},"bootstrap.esm.js.map":{"Children":null,"Asset":{"ContentRootIndex":0,"SubPath":"lib/bootstrap/dist/js/bootstrap.esm.js.map"},"Patterns":null},"bootstrap.esm.min.js":{"Children":null,"Asset":{"ContentRootIndex":0,"SubPath":"lib/bootstrap/dist/js/bootstrap.esm.min.js"},"Patterns":null},"bootstrap.esm.min.js.map":{"Children":null,"Asset":{"ContentRootIndex":0,"SubPath":"lib/bootstrap/dist/js/bootstrap.esm.min.js.map"},"Patterns":null},"bootstrap.js":{"Children":null,"Asset":{"ContentRootIndex":0,"SubPath":"lib/bootstrap/dist/js/bootstrap.js"},"Patterns":null},"bootstrap.js.map":{"Children":null,"Asset":{"ContentRootIndex":0,"SubPath":"lib/bootstrap/dist/js/bootstrap.js.map"},"Patterns":null},"bootstrap.min.js":{"Children":null,"Asset":{"ContentRootIndex":0,"SubPath":"lib/bootstrap/dist/js/bootstrap.min.js"},"Patterns":null},"bootstrap.min.js.map":{"Children":null,"Asset":{"ContentRootIndex":0,"SubPath":"lib/bootstrap/dist/js/bootstrap.min.js.map"},"Patterns":null}},"Asset":null,"Patterns":null}},"Asset":null,"Patterns":null},"LICENSE":{"Children":null,"Asset":{"ContentRootIndex":0,"SubPath":"lib/bootstrap/LICENSE"},"Patterns":null}},"Asset":null,"Patterns":null},"jquery-validation-unobtrusive":{"Children":{"jquery.validate.unobtrusive.js":{"Children":null,"Asset":{"ContentRootIndex":0,"SubPath":"lib/jquery-validation-unobtrusive/jquery.validate.unobtrusive.js"},"Patterns":null},"jquery.validate.unobtrusive.min.js":{"Children":null,"Asset":{"ContentRootIndex":0,"SubPath":"lib/jquery-validation-unobtrusive/jquery.validate.unobtrusive.min.js"},"Patterns":null},"LICENSE.txt":{"Children":null,"Asset":{"ContentRootIndex":0,"SubPath":"lib/jquery-validation-unobtrusive/LICENSE.txt"},"Patterns":null}},"Asset":null,"Patterns":null},"jquery-validation":{"Children":{"dist":{"Children":{"additional-methods.js":{"Children":null,"Asset":{"ContentRootIndex":0,"SubPath":"lib/jquery-validation/dist/additional-methods.js"},"Patterns":null},"additional-methods.min.js":{"Children":null,"Asset":{"ContentRootIndex":0,"SubPath":"lib/jquery-validation/dist/additional-methods.min.js"},"Patterns":null},"jquery.validate.js":{"Children":null,"Asset":{"ContentRootIndex":0,"SubPath":"lib/jquery-validation/dist/jquery.validate.js"},"Patterns":null},"jquery.validate.min.js":{"Children":null,"Asset":{"ContentRootIndex":0,"SubPath":"lib/jquery-validation/dist/jquery.validate.min.js"},"Patterns":null}},"Asset":null,"Patterns":null},"LICENSE.md":{"Children":null,"Asset":{"ContentRootIndex":0,"SubPath":"lib/jquery-validation/LICENSE.md"},"Patterns":null}},"Asset":null,"Patterns":null},"jquery":{"Children":{"dist":{"Children":{"jquery.js":{"Children":null,"Asset":{"ContentRootIndex":0,"SubPath":"lib/jquery/dist/jquery.js"},"Patterns":null},"jquery.min.js":{"Children":null,"Asset":{"ContentRootIndex":0,"SubPath":"lib/jquery/dist/jquery.min.js"},"Patterns":null},"jquery.min.map":{"Children":null,"Asset":{"ContentRootIndex":0,"SubPath":"lib/jquery/dist/jquery.min.map"},"Patterns":null}},"Asset":null,"Patterns":null},"LICENSE.txt":{"Children":null,"Asset":{"ContentRootIndex":0,"SubPath":"lib/jquery/LICENSE.txt"},"Patterns":null}},"Asset":null,"Patterns":null}},"Asset":null,"Patterns":null},"webfonts":{"Children":{"fa-regular-400.ttf":{"Children":null,"Asset":{"ContentRootIndex":0,"SubPath":"webfonts/fa-regular-400.ttf"},"Patterns":null},"fa-regular-400.woff":{"Children":null,"Asset":{"ContentRootIndex":0,"SubPath":"webfonts/fa-regular-400.woff"},"Patterns":null},"fa-regular-400.woff2":{"Children":null,"Asset":{"ContentRootIndex":0,"SubPath":"webfonts/fa-regular-400.woff2"},"Patterns":null},"fa-solid-900.woff2":{"Children":null,"Asset":{"ContentRootIndex":0,"SubPath":"webfonts/fa-solid-900.woff2"},"Patterns":null}},"Asset":null,"Patterns":null},"RAMS.styles.css":{"Children":null,"Asset":{"ContentRootIndex":1,"SubPath":"RAMS.styles.css"},"Patterns":null}},"Asset":null,"Patterns":[{"ContentRootIndex":0,"Pattern":"**","Depth":0}]}}